{"cameraMode":{"drawMode":0,"name":"Shaded","section":"Shading Mode"},"sceneLighting":true,"audioPlay":false,"sceneViewState":{"m_AlwaysRefresh":false,"showFog":true,"showSkybox":true,"showFlares":true,"showImageEffects":true,"showParticleSystems":true,"showVisualEffectGraphs":true,"m_FxEnabled":true},"in2DMode":false,"pivot":{"x":988.4629516601563,"y":539.0738525390625,"z":155.0733642578125},"rotation":{"x":-0.004809044301509857,"y":0.015596357174217701,"z":-0.0000743084165151231,"w":-0.9998705983161926},"size":830.01318359375,"orthographic":false}